id,is_duplicate,freq_qid1,freq_qid2,q1len,q2len,q1_n_words,q2_n_words,word_Common,word_Total,word_share,freq_q1+q2,freq_q1-q2,cwc_min,cwc_max,csc_min,csc_max,ctc_min,ctc_max,last_word_eq,first_word_eq,abs_len_diff,mean_len,token_set_ratio,token_sort_ratio,fuzz_ratio,fuzz_partial_ratio,longest_substr_ratio,0_x,1_x,2_x,3_x,4_x,5_x,6_x,7_x,8_x,9_x,10_x,11_x,12_x,13_x,14_x,15_x,16_x,17_x,18_x,19_x,20_x,21_x,22_x,23_x,24_x,25_x,26_x,27_x,28_x,29_x,30_x,31_x,32_x,33_x,34_x,35_x,36_x,37_x,38_x,39_x,40_x,41_x,42_x,43_x,44_x,45_x,46_x,47_x,48_x,49_x,50_x,51_x,52_x,53_x,54_x,55_x,56_x,57_x,58_x,59_x,60_x,61_x,62_x,63_x,64_x,65_x,66_x,67_x,68_x,69_x,70_x,71_x,72_x,73_x,74_x,75_x,76_x,77_x,78_x,79_x,80_x,81_x,82_x,83_x,84_x,85_x,86_x,87_x,88_x,89_x,90_x,91_x,92_x,93_x,94_x,95_x,0_y,1_y,2_y,3_y,4_y,5_y,6_y,7_y,8_y,9_y,10_y,11_y,12_y,13_y,14_y,15_y,16_y,17_y,18_y,19_y,20_y,21_y,22_y,23_y,24_y,25_y,26_y,27_y,28_y,29_y,30_y,31_y,32_y,33_y,34_y,35_y,36_y,37_y,38_y,39_y,40_y,41_y,42_y,43_y,44_y,45_y,46_y,47_y,48_y,49_y,50_y,51_y,52_y,53_y,54_y,55_y,56_y,57_y,58_y,59_y,60_y,61_y,62_y,63_y,64_y,65_y,66_y,67_y,68_y,69_y,70_y,71_y,72_y,73_y,74_y,75_y,76_y,77_y,78_y,79_y,80_y,81_y,82_y,83_y,84_y,85_y,86_y,87_y,88_y,89_y,90_y,91_y,92_y,93_y,94_y,95_y
0,0,1,1,66,39,14,8,1.0,20.0,0.05,2,0,0.0,0.0,0.2499937501562461,0.1666638889351844,0.12499843751953099,0.07142806122813407,0,0,6,11.0,32,31,31,38,0.1,-2.674352169036865,22.753627479076385,-34.41478770971298,2.1078039407730103,91.28912764787674,69.84480223059654,28.05419498682022,30.339983828365803,32.46251517534256,141.4408680796623,18.478159859776497,-16.286813259124756,-4.586357325315476,-39.15858677774668,-11.298154830932615,-49.77949976921082,-30.99875301122665,-33.0337507724762,-26.196298241615292,0.6465422064065933,33.019909739494324,39.05104970932007,6.441382721066475,12.854942560195925,-36.972630620002754,-7.024186611175537,20.868585966527466,5.458138715475798,40.501437664031975,-59.76443201303482,70.18466612696648,-26.38488292694092,3.6079368591308594,-49.460324227809906,-34.46671237796545,-43.77505442500114,97.12847208976746,-21.61875719577074,-19.1436927318573,-39.987837553024285,85.61413192749023,19.80689772963524,-39.190513119101524,-135.87910544872284,4.0828488171100625,6.464962035417558,55.091689586639404,-46.50071144104004,-81.36984530091286,34.350334018468864,66.76897299289703,-27.616846919059753,-16.04000386595726,27.182008147239685,-96.96449542045592,97.06340345740318,59.12856855988503,37.93897914886474,-28.61565399169922,51.6907513961196,55.71259751170874,-28.61377626657486,50.34462177753449,22.62450033426285,-13.159034222364426,-51.59463906288147,34.05229878425598,-59.76909267902374,-21.458294898271557,26.58292508125305,-73.66943895816803,8.296857833862305,-5.273581564426422,-23.637016378343105,-36.78598701953889,30.35378789901733,72.09900230169295,-69.88427389413118,14.59030944854021,2.436709865927696,3.368975833058357,-45.815936893224716,-15.76056694984436,-10.311941862106325,15.35038709267974,-19.52867890894413,-31.906076230108734,-17.110857449471947,9.758636713027952,78.56991343200205,-67.56039163470268,-49.54337005317211,-43.95656716823578,65.69434225559236,32.106039613485336,-12.369953632354735,-11.534365773200989,9.522675774991512,-28.1564199924469,-20.408437490463253,10.345872908830644,0.014572232961654663,24.991918683052067,19.864930123090748,33.000612139701836,6.685386002063751,-4.420832276344298,-7.069892115890981,22.37873774766922,-13.046351611614227,15.808381840586662,25.748945593833927,-3.2026114584878087,-3.244195342063904,-12.334611892700195,3.0030625760555267,-12.518146127462387,11.60426789149642,-14.814832776784895,-5.399643190205097,-11.416979759931564,2.3881157636642456,23.42285174131393,-12.277243316173553,-9.315821588039398,-14.87172657251358,16.343508839607242,5.570856928825378,-10.742982983589172,-12.215817242860794,20.039376378059387,20.356427937746048,-4.370569169521332,-20.083008468151096,-17.33342981338501,3.587777137756348,9.575513891875744,9.673084139823914,5.283066093921661,-17.224686861038208,21.325067803263664,13.565425455570221,-8.233291506767273,-17.54458224773407,4.071596473455428,-0.6741825416684151,21.92491435259581,-1.909877747297287,7.689596980810165,12.313100397586824,-3.6648273468017583,-9.326368451118471,27.04985618591309,-21.20679834485054,5.478742577135563,-8.157238095998764,23.33400571346283,-26.84698891639709,-7.801035344600677,2.793032646179199,-8.239939719438553,-23.817470252513885,-2.2075583636760707,23.523770824074745,-6.46748349070549,13.81663727760315,-7.533522844314575,20.051891773939133,17.229349672794342,11.946747988462448,1.795480489730835,-8.819695889949799,15.381069883704185,-3.718947052955627,-12.139057397842407,16.65037039667368,1.1208404898643494,3.9825340807437897,-16.013214990496635,17.18706929683685,-4.713911112397909,-20.37637996673584,-4.282380819320679,-2.1629697084426884,-0.4399970024824143,2.1348625719547267,-9.424519129097463,5.461151361465454,-5.148555874824523,-1.7651682794094086,-11.640194535255432,1.8428315818309784
1,0,1,1,51,39,8,8,0.0,16.0,0.0,2,0,0.0,0.0,0.0,0.0,0.0,0.0,0,0,2,9.0,14,14,25,31,0.05,-2.782357670366764,-21.60620790719986,-12.387755617499352,12.474749565124512,88.61574757099152,33.714729681611054,39.347303867340095,14.580641001462936,39.88052598387003,48.44573640823364,21.570131063461304,-11.771917330101132,-9.23333066701889,-11.500035375356676,-39.94320106506348,-39.39532843232155,8.634976625442505,14.050621807575224,-2.1221602857112885,-22.89383852481842,7.524101793766023,-11.902887940406801,-7.6926963329315186,-25.43656063079834,-44.301891803741455,-25.830788984894753,-0.16800856590270996,-44.2364884018898,17.92296314239502,-48.92645607888698,-5.90614116191864,11.79865562915802,0.5772024393081665,-14.084656864404678,24.88705933094025,-42.71145868301392,64.54140663146973,-22.756979778409004,-35.897030591964715,-17.23534744977951,55.31709921360016,2.5101496800780296,5.3478814512491235,-66.20119500160217,-3.5823061466217037,-26.64797353744507,-6.197407603263855,-12.739740490913393,-18.91794823110104,63.6903612613678,76.59868510439992,-60.73159837722778,8.543290972709656,11.221243023872377,-62.121718406677246,46.55710750818253,27.24859824776649,44.03066350519657,4.43713766336441,-26.46978050470352,-28.380384683609012,-14.06588938832283,13.66874746978283,16.49811494350433,25.4551774263382,30.995766758918762,29.112323582172394,-24.310215204954147,-16.191403687000275,26.13913464546204,-47.48321855068207,-1.0956935286521912,23.197045147418976,-6.683711051940918,-13.52899932861328,-13.454489633440973,57.83258140087128,-18.807192444801327,-20.233254492282867,-22.444713801145554,37.517782755196095,-30.268643856048584,0.4032904505729675,11.232888042926787,-4.1183996200561515,30.11495685577393,-22.280521631240845,-14.109853878617287,12.63486123085022,14.673301339149475,-54.56905376911163,24.48411762714386,13.694374993443489,56.58588695526123,46.24470925331116,9.717407047748567,-11.534365773200989,9.522675774991512,-28.1564199924469,-20.408437490463253,10.345872908830644,0.014572232961654663,24.991918683052067,19.864930123090748,33.000612139701836,6.685386002063751,-4.420832276344298,-7.069892115890981,22.37873774766922,-13.046351611614227,15.808381840586662,25.748945593833927,-3.2026114584878087,-3.244195342063904,-12.334611892700195,3.0030625760555267,-12.518146127462387,11.60426789149642,-14.814832776784895,-5.399643190205097,-11.416979759931564,2.3881157636642456,23.42285174131393,-12.277243316173553,-9.315821588039398,-14.87172657251358,16.343508839607242,5.570856928825378,-10.742982983589172,-12.215817242860794,20.039376378059387,20.356427937746048,-4.370569169521332,-20.083008468151096,-17.33342981338501,3.587777137756348,9.575513891875744,9.673084139823914,5.283066093921661,-17.224686861038208,21.325067803263664,13.565425455570221,-8.233291506767273,-17.54458224773407,4.071596473455428,-0.6741825416684151,21.92491435259581,-1.909877747297287,7.689596980810165,12.313100397586824,-3.6648273468017583,-9.326368451118471,27.04985618591309,-21.20679834485054,5.478742577135563,-8.157238095998764,23.33400571346283,-26.84698891639709,-7.801035344600677,2.793032646179199,-8.239939719438553,-23.817470252513885,-2.2075583636760707,23.523770824074745,-6.46748349070549,13.81663727760315,-7.533522844314575,20.051891773939133,17.229349672794342,11.946747988462448,1.795480489730835,-8.819695889949799,15.381069883704185,-3.718947052955627,-12.139057397842407,16.65037039667368,1.1208404898643494,3.9825340807437897,-16.013214990496635,17.18706929683685,-4.713911112397909,-20.37637996673584,-4.282380819320679,-2.1629697084426884,-0.4399970024824143,2.1348625719547267,-9.424519129097463,5.461151361465454,-5.148555874824523,-1.7651682794094086,-11.640194535255432,1.8428315818309784
2,0,1,1,73,39,14,8,2.0,22.0,0.09090909090909093,2,0,0.0,0.0,0.4999875003124922,0.24999687503906198,0.24999687503906198,0.14285612245626814,0,1,6,11.0,35,36,33,46,0.2,49.697135746479034,12.473140999674795,4.562216209247707,1.3030405044555664,43.750048875808716,6.434223175048827,-3.4797973074018955,23.54948753118515,54.63217628002167,128.61516602337358,-13.067390322685242,-29.287296086549762,-41.128853559494026,-55.49719560146332,20.11311636120081,6.353125214576721,-23.27847468852997,-7.197994649410247,-13.358127415180205,-32.41223865747452,33.241589302197106,65.0429027080536,-1.3136730790138245,-23.347722440958023,-27.5116006731987,12.741933465003967,-37.38629226386547,-41.21168673038483,24.67607739567757,-31.54058539867401,48.938469767570496,62.81962484121322,-16.274918675422672,-20.881425738334656,-28.707988381385803,-12.627702951431274,17.995528101921078,-31.9880645275116,-73.92197953164576,-40.72053974866867,78.65100014209747,-24.966104924678802,-19.142369985580444,-54.378757536411285,5.68076029419899,-21.79121309518814,40.249100014567375,-11.128215432167053,-36.857161402702324,-27.040375843644142,84.05270811729133,-53.40311098098755,-24.27230954170227,-11.272603571414948,-106.58613368868828,40.034449994564056,77.4795355349779,29.20090042054653,4.878775864839554,12.700350746512413,78.28034064173698,-65.04751533269882,-28.88016605377197,75.13104969263077,-0.5821261145174503,-8.49971067905426,28.70664069056511,-51.27822977304458,-10.00341933965683,42.11437785625458,-7.413640320301057,2.2139939665794373,33.26314812898636,7.865388453006744,-24.63485524058342,-1.7991603314876556,62.851150944828994,-58.93870136141777,-8.085472583770754,-12.502601231448352,4.840187391266227,6.8484776616096505,-23.29046839475632,36.61777967214584,36.40175774693489,-57.4622537791729,-40.98937517404556,65.32093435758725,16.03958237171173,29.65988028049469,-30.94223463535309,-34.960520923137665,-30.679759547114372,44.060826420784,61.700554251670845,-19.83420462906361,-11.534365773200989,9.522675774991512,-28.1564199924469,-20.408437490463253,10.345872908830644,0.014572232961654663,24.991918683052067,19.864930123090748,33.000612139701836,6.685386002063751,-4.420832276344298,-7.069892115890981,22.37873774766922,-13.046351611614227,15.808381840586662,25.748945593833927,-3.2026114584878087,-3.244195342063904,-12.334611892700195,3.0030625760555267,-12.518146127462387,11.60426789149642,-14.814832776784895,-5.399643190205097,-11.416979759931564,2.3881157636642456,23.42285174131393,-12.277243316173553,-9.315821588039398,-14.87172657251358,16.343508839607242,5.570856928825378,-10.742982983589172,-12.215817242860794,20.039376378059387,20.356427937746048,-4.370569169521332,-20.083008468151096,-17.33342981338501,3.587777137756348,9.575513891875744,9.673084139823914,5.283066093921661,-17.224686861038208,21.325067803263664,13.565425455570221,-8.233291506767273,-17.54458224773407,4.071596473455428,-0.6741825416684151,21.92491435259581,-1.909877747297287,7.689596980810165,12.313100397586824,-3.6648273468017583,-9.326368451118471,27.04985618591309,-21.20679834485054,5.478742577135563,-8.157238095998764,23.33400571346283,-26.84698891639709,-7.801035344600677,2.793032646179199,-8.239939719438553,-23.817470252513885,-2.2075583636760707,23.523770824074745,-6.46748349070549,13.81663727760315,-7.533522844314575,20.051891773939133,17.229349672794342,11.946747988462448,1.795480489730835,-8.819695889949799,15.381069883704185,-3.718947052955627,-12.139057397842407,16.65037039667368,1.1208404898643494,3.9825340807437897,-16.013214990496635,17.18706929683685,-4.713911112397909,-20.37637996673584,-4.282380819320679,-2.1629697084426884,-0.4399970024824143,2.1348625719547267,-9.424519129097463,5.461151361465454,-5.148555874824523,-1.7651682794094086,-11.640194535255432,1.8428315818309784
3,0,1,1,50,39,11,8,2.0,18.0,0.1111111111111111,2,0,0.0,0.0,0.4999875003124922,0.2857102041399409,0.24999687503906198,0.181816528940646,0,0,3,9.5,45,40,30,45,0.2,30.45717251300812,-12.308307260274887,2.755965955555439,-43.878337562084205,9.23508083820343,-14.484111249446867,34.11012927442789,68.86935162544249,16.650053381919857,35.07148095965385,-55.62660896778107,0.5721201002597809,71.1672530770302,48.62055563926697,34.5008140206337,68.17616277933121,-36.411676049232476,-42.338124632835395,-27.39394009113312,7.741481389850378,-21.084064632654194,-2.1540877819061284,-18.543628275394443,-27.224284786731005,7.2845119535922995,64.06145691871643,6.66845053434372,-66.64780014753343,-12.23109894990921,-1.066503643989563,-20.723461151123047,-6.991824150085449,20.231172561645508,-9.913197278976439,1.78217613697052,-23.72774320840836,11.040227591991425,-45.74861407279968,-32.800685554742806,-0.17007386684417725,-26.608472466468807,13.860062658786775,-3.985817968845368,-26.676964044570926,43.61662232875824,83.258513212204,3.5759999006986622,6.791166543960571,-13.61027491092682,-0.3709270358085632,48.058344602584846,14.16205620765686,-5.6565878726542,23.345654010772705,-9.323726892471312,-59.656362414360046,70.46012449264526,15.02023023366928,-13.601937979459764,5.334540575742722,21.625863552093506,-87.63727116584778,-22.716117976233363,3.873916268348694,-7.750306396512316,-15.292364299297333,-53.91350507736206,-0.5440602600574493,34.635425865650184,11.037492513656616,-20.62205451726913,3.941215515136719,29.296436429023746,13.83050824701786,-7.424507856369018,-61.24254131317139,68.8051745891571,-22.808451175689697,-26.690662145614624,35.89094245433808,21.24071431159973,-27.55887157469988,-22.375651836395264,28.307406723499298,-1.534858226776123,-11.485246181488035,12.101379156112671,26.63011484965682,-3.4080751538276672,5.476740419864655,-34.336440920829766,-7.1330646276474,-36.43908578157425,42.59763622283936,-13.144653558731079,38.18795645236968,-11.534365773200989,9.522675774991512,-28.1564199924469,-20.408437490463253,10.345872908830644,0.014572232961654663,24.991918683052067,19.864930123090748,33.000612139701836,6.685386002063751,-4.420832276344298,-7.069892115890981,22.37873774766922,-13.046351611614227,15.808381840586662,25.748945593833927,-3.2026114584878087,-3.244195342063904,-12.334611892700195,3.0030625760555267,-12.518146127462387,11.60426789149642,-14.814832776784895,-5.399643190205097,-11.416979759931564,2.3881157636642456,23.42285174131393,-12.277243316173553,-9.315821588039398,-14.87172657251358,16.343508839607242,5.570856928825378,-10.742982983589172,-12.215817242860794,20.039376378059387,20.356427937746048,-4.370569169521332,-20.083008468151096,-17.33342981338501,3.587777137756348,9.575513891875744,9.673084139823914,5.283066093921661,-17.224686861038208,21.325067803263664,13.565425455570221,-8.233291506767273,-17.54458224773407,4.071596473455428,-0.6741825416684151,21.92491435259581,-1.909877747297287,7.689596980810165,12.313100397586824,-3.6648273468017583,-9.326368451118471,27.04985618591309,-21.20679834485054,5.478742577135563,-8.157238095998764,23.33400571346283,-26.84698891639709,-7.801035344600677,2.793032646179199,-8.239939719438553,-23.817470252513885,-2.2075583636760707,23.523770824074745,-6.46748349070549,13.81663727760315,-7.533522844314575,20.051891773939133,17.229349672794342,11.946747988462448,1.795480489730835,-8.819695889949799,15.381069883704185,-3.718947052955627,-12.139057397842407,16.65037039667368,1.1208404898643494,3.9825340807437897,-16.013214990496635,17.18706929683685,-4.713911112397909,-20.37637996673584,-4.282380819320679,-2.1629697084426884,-0.4399970024824143,2.1348625719547267,-9.424519129097463,5.461151361465454,-5.148555874824523,-1.7651682794094086,-11.640194535255432,1.8428315818309784
4,0,1,1,76,39,13,8,0.0,21.0,0.0,2,0,0.0,0.0,0.0,0.0,0.0,0.0,0,0,5,10.5,27,27,18,29,0.075,28.76593306660652,-10.912998616695404,-18.259121388196945,-30.72681474685669,42.833078116178505,-20.741655141115192,22.502015620470047,37.49635922908783,57.8416246175766,130.84730815887448,11.326436579227448,34.93768012523651,63.01254392415285,-41.368452966213226,2.541822731494904,20.25046443939209,-31.73417891561985,-13.756764888763428,-27.47170561552048,-18.828774869441983,48.78097802400589,22.506801664829254,-24.4402729049325,-11.733049511909485,-41.289258420467384,8.654138639569283,-29.480535984039307,-51.506253004074104,57.91000584885478,-34.89775538444519,44.83612883090973,39.46739149093628,7.987765103578567,-17.9281986951828,-9.528808951377867,-32.80394446849823,13.119581341743471,-64.9829113483429,-19.40711630880833,-29.697869092226032,116.05104529857635,29.997192181646824,-10.067229539155962,-117.44629096984863,-54.86172887682915,24.364250868558887,6.762879129732027,-28.531123727560047,-68.23702108860016,0.8115951865911484,-2.243284583091736,-114.2851893901825,-11.054070472717283,-16.30834937095642,-128.87367534637448,86.11523920297623,61.26869404315949,17.22550493478775,-6.570628583431244,44.3221960067749,52.28931522369385,-47.02008366584778,37.04444549791515,44.58853217959404,-3.690318167209625,16.714426279067993,3.6005777120590214,-77.23211687803268,-64.82653421163559,55.60501244664192,13.703747630119324,-38.09700376912952,30.362536817789078,31.89322519302368,-67.26146775484085,-26.170013785362247,38.21926534175873,-13.743186816573145,37.245309486985214,-7.300518840551376,45.56468558311462,-98.55516252666712,-39.96429842710496,48.65193164348602,20.01664202101529,-35.11905914545059,2.1679552420973778,56.911437273025506,-40.76185077428818,-2.0870419442653656,43.99000070989132,-14.73201523721218,-48.082271099090576,77.8467721566558,149.48488950729367,17.46322238445282,-11.534365773200989,9.522675774991512,-28.1564199924469,-20.408437490463253,10.345872908830644,0.014572232961654663,24.991918683052067,19.864930123090748,33.000612139701836,6.685386002063751,-4.420832276344298,-7.069892115890981,22.37873774766922,-13.046351611614227,15.808381840586662,25.748945593833927,-3.2026114584878087,-3.244195342063904,-12.334611892700195,3.0030625760555267,-12.518146127462387,11.60426789149642,-14.814832776784895,-5.399643190205097,-11.416979759931564,2.3881157636642456,23.42285174131393,-12.277243316173553,-9.315821588039398,-14.87172657251358,16.343508839607242,5.570856928825378,-10.742982983589172,-12.215817242860794,20.039376378059387,20.356427937746048,-4.370569169521332,-20.083008468151096,-17.33342981338501,3.587777137756348,9.575513891875744,9.673084139823914,5.283066093921661,-17.224686861038208,21.325067803263664,13.565425455570221,-8.233291506767273,-17.54458224773407,4.071596473455428,-0.6741825416684151,21.92491435259581,-1.909877747297287,7.689596980810165,12.313100397586824,-3.6648273468017583,-9.326368451118471,27.04985618591309,-21.20679834485054,5.478742577135563,-8.157238095998764,23.33400571346283,-26.84698891639709,-7.801035344600677,2.793032646179199,-8.239939719438553,-23.817470252513885,-2.2075583636760707,23.523770824074745,-6.46748349070549,13.81663727760315,-7.533522844314575,20.051891773939133,17.229349672794342,11.946747988462448,1.795480489730835,-8.819695889949799,15.381069883704185,-3.718947052955627,-12.139057397842407,16.65037039667368,1.1208404898643494,3.9825340807437897,-16.013214990496635,17.18706929683685,-4.713911112397909,-20.37637996673584,-4.282380819320679,-2.1629697084426884,-0.4399970024824143,2.1348625719547267,-9.424519129097463,5.461151361465454,-5.148555874824523,-1.7651682794094086,-11.640194535255432,1.8428315818309784
5,0,1,1,25,39,5,8,4.0,13.0,0.3076923076923077,2,0,0.9999666677777408,0.7499812504687383,0.4999750012499374,0.2499937501562461,0.7999840003199936,0.49999375007812397,1,0,3,6.5,93,71,71,92,0.8846153846153846,-8.042101740837097,9.588511705398561,-10.900460481643677,-10.118080377578737,2.2393019199371342,6.704874336719513,9.607480516657231,19.849383801221848,14.252974331378935,9.932385563850405,21.92818967998028,-11.123795628547668,10.592217803001404,12.366954267024994,12.642526388168335,16.797320753335953,-3.745194440940395,5.840946435928345,-17.739876866340637,-6.707456946372986,-7.87782895565033,-2.3554901480674744,-4.686861887574197,5.267653211951256,-13.73080039024353,-7.643138885498048,19.551167786121372,2.216769814491272,-3.86865234375,-5.553625345230103,4.477061450481415,7.47881942987442,-22.58044326305389,-13.824106574058533,10.695087492465973,8.959793388843538,7.852226659655571,-14.022519171237946,-8.078660488128662,6.465484887361527,19.950971785932783,24.083360880613327,0.5496070384979248,-23.76896405220032,0.15066486597061154,1.313030242919922,2.744125485420227,-2.0518541336059566,-6.863946199417113,-12.599414438009262,9.950382888317106,-12.147118866443634,3.161025881767273,12.868456184864044,-9.167154267430304,-11.004296898841858,7.715547978878021,-25.17310434579849,2.316901445388794,-7.471569525077939,10.43228280544281,-7.340920686721803,16.969012260437008,-3.406561315059662,9.998628616333008,-7.4809330701828,9.752265620976685,5.8627774715423575,-2.487199455499649,3.2774578332901,1.347254991531372,-7.559317890554666,6.0815367698669425,6.571364164352418,11.566967368125914,-11.645006507635115,4.481334075331689,-2.4801629781723022,-9.281201153993608,17.306305944919586,7.1887357234954825,-4.8193520307540885,-5.441943548619747,0.7375548556447029,1.0849646069109442,-15.040605708956717,-15.566057711839676,-7.004616022109985,-7.536659836769104,5.788658022880554,2.219151943922043,16.473230123519894,-2.8285666704177856,-12.512658312916756,-15.856801509857178,19.665343284606934,-11.534365773200989,9.522675774991512,-28.1564199924469,-20.408437490463253,10.345872908830644,0.014572232961654663,24.991918683052067,19.864930123090748,33.000612139701836,6.685386002063751,-4.420832276344298,-7.069892115890981,22.37873774766922,-13.046351611614227,15.808381840586662,25.748945593833927,-3.2026114584878087,-3.244195342063904,-12.334611892700195,3.0030625760555267,-12.518146127462387,11.60426789149642,-14.814832776784895,-5.399643190205097,-11.416979759931564,2.3881157636642456,23.42285174131393,-12.277243316173553,-9.315821588039398,-14.87172657251358,16.343508839607242,5.570856928825378,-10.742982983589172,-12.215817242860794,20.039376378059387,20.356427937746048,-4.370569169521332,-20.083008468151096,-17.33342981338501,3.587777137756348,9.575513891875744,9.673084139823914,5.283066093921661,-17.224686861038208,21.325067803263664,13.565425455570221,-8.233291506767273,-17.54458224773407,4.071596473455428,-0.6741825416684151,21.92491435259581,-1.909877747297287,7.689596980810165,12.313100397586824,-3.6648273468017583,-9.326368451118471,27.04985618591309,-21.20679834485054,5.478742577135563,-8.157238095998764,23.33400571346283,-26.84698891639709,-7.801035344600677,2.793032646179199,-8.239939719438553,-23.817470252513885,-2.2075583636760707,23.523770824074745,-6.46748349070549,13.81663727760315,-7.533522844314575,20.051891773939133,17.229349672794342,11.946747988462448,1.795480489730835,-8.819695889949799,15.381069883704185,-3.718947052955627,-12.139057397842407,16.65037039667368,1.1208404898643494,3.9825340807437897,-16.013214990496635,17.18706929683685,-4.713911112397909,-20.37637996673584,-4.282380819320679,-2.1629697084426884,-0.4399970024824143,2.1348625719547267,-9.424519129097463,5.461151361465454,-5.148555874824523,-1.7651682794094086,-11.640194535255432,1.8428315818309784
6,0,1,1,19,39,4,8,0.0,12.0,0.0,2,0,0.0,0.0,0.0,0.0,0.0,0.0,0,0,4,6.0,29,29,36,37,0.15,-8.431823968887329,2.6718841791152954,-23.192288875579834,-15.175401300191881,-1.6480375528335571,3.20497989654541,8.872420310974121,21.08101831376553,10.797392934560776,29.12784838676453,0.9636483192443848,5.388678073883057,29.771487712860107,13.250528812408447,4.562470555305482,22.227989435195926,0.08138418197631836,-3.204604387283325,7.085719287395477,-7.063765466213226,-1.4626691341400146,11.558661937713625,-14.655242919921875,0.03622639179229736,1.2011175155639648,-4.626331806182861,22.504441738128662,-32.974640130996704,5.831462860107423,-14.589855313301086,2.882522821426392,-1.935842514038086,6.698104739189148,-14.066504955291748,-11.586132526397705,8.047945261001589,24.679646015167236,-21.896798849105835,-7.362705707550049,5.0314581394195566,19.902277946472168,23.442735433578488,-12.220637083053589,-43.158501625061035,1.7288488149642944,5.862157344818115,26.033276319503784,4.706161737442017,-12.061416625976562,-8.556967735290527,15.580115616321564,-8.098183631896973,1.5084142684936523,8.777220726013184,-12.719268798828125,4.6607584953308105,19.191114485263824,4.492089509963988,17.158745527267456,15.48080825805664,14.27835178375244,-19.22451877593994,-9.83921229839325,8.865927159786224,1.3505215644836426,-28.812732219696045,-10.099055051803587,11.341094017028807,-22.718905925750732,23.87370014190674,-17.24244236946106,23.036692380905148,-6.1919871866703025,-2.8616957664489746,-5.9607439041137695,-19.683520197868347,26.038231372833252,-4.944209575653076,-17.409064531326294,7.287899121642113,0.6675318479537964,-3.7936065196990967,-17.969195842742923,-5.522632598876953,7.32641875743866,-7.349515914916992,1.135948657989502,-17.409268498420715,-4.631293535232544,1.0870899856090546,-21.08045065402985,9.576001763343813,-23.273054659366608,30.382904291152954,-19.050015211105347,-8.404064297676086,-11.534365773200989,9.522675774991512,-28.1564199924469,-20.408437490463253,10.345872908830644,0.014572232961654663,24.991918683052067,19.864930123090748,33.000612139701836,6.685386002063751,-4.420832276344298,-7.069892115890981,22.37873774766922,-13.046351611614227,15.808381840586662,25.748945593833927,-3.2026114584878087,-3.244195342063904,-12.334611892700195,3.0030625760555267,-12.518146127462387,11.60426789149642,-14.814832776784895,-5.399643190205097,-11.416979759931564,2.3881157636642456,23.42285174131393,-12.277243316173553,-9.315821588039398,-14.87172657251358,16.343508839607242,5.570856928825378,-10.742982983589172,-12.215817242860794,20.039376378059387,20.356427937746048,-4.370569169521332,-20.083008468151096,-17.33342981338501,3.587777137756348,9.575513891875744,9.673084139823914,5.283066093921661,-17.224686861038208,21.325067803263664,13.565425455570221,-8.233291506767273,-17.54458224773407,4.071596473455428,-0.6741825416684151,21.92491435259581,-1.909877747297287,7.689596980810165,12.313100397586824,-3.6648273468017583,-9.326368451118471,27.04985618591309,-21.20679834485054,5.478742577135563,-8.157238095998764,23.33400571346283,-26.84698891639709,-7.801035344600677,2.793032646179199,-8.239939719438553,-23.817470252513885,-2.2075583636760707,23.523770824074745,-6.46748349070549,13.81663727760315,-7.533522844314575,20.051891773939133,17.229349672794342,11.946747988462448,1.795480489730835,-8.819695889949799,15.381069883704185,-3.718947052955627,-12.139057397842407,16.65037039667368,1.1208404898643494,3.9825340807437897,-16.013214990496635,17.18706929683685,-4.713911112397909,-20.37637996673584,-4.282380819320679,-2.1629697084426884,-0.4399970024824143,2.1348625719547267,-9.424519129097463,5.461151361465454,-5.148555874824523,-1.7651682794094086,-11.640194535255432,1.8428315818309784
7,0,1,1,30,39,7,8,2.0,15.0,0.13333333333333333,2,0,0.0,0.0,0.4999875003124922,0.3999920001599968,0.2857102041399409,0.24999687503906198,0,1,1,7.5,42,36,48,43,0.25806451612903225,25.47614979743957,7.499748766422273,1.2881042957305908,-7.001196682453156,-4.876683712005615,25.278650522232056,22.620641350746155,17.240768611431125,16.24048686027527,18.731413662433624,-5.713656783103943,-9.423427075147627,9.226743936538695,-18.357254505157467,-2.052920624613762,12.138432741165161,-4.945616841316222,-8.597331523895264,-8.261597156524656,-3.328985333442688,36.327564060688026,1.1432441473007202,-11.781662821769714,9.709848523139954,-11.572160720825195,10.577990114688873,27.888177424669266,-25.842297196388245,24.82572678476572,-16.324882343411446,3.585591197013855,14.43012547492981,27.941543102264404,-21.771770477294922,-11.976929426193236,-10.319370865821838,24.429501056671143,-30.525448083877567,-40.90369708836079,0.6658532023429871,8.698340892791746,4.084136566147208,-28.497992038726807,-28.96734845638275,19.476467240601774,21.512285590171814,-17.878701210021973,8.220897912979126,0.3662006855010986,5.2628771513700485,36.52742020785809,-1.03466534614563,2.7847203016281132,17.57283890247345,-28.583716750144962,-8.110621511936188,14.623077183961868,-9.430167198181152,-21.65960782766342,18.56770002841949,19.816404461860657,-42.17287063598633,12.998325943946838,-8.649527370929718,6.173319220542908,-15.49664306640625,4.710362911224365,4.036373019218445,0.08000686764717102,12.737342417240145,-29.1573543548584,-4.422218322753906,-8.352006196975706,13.434408992528914,7.401980891823769,2.2214972972869877,29.7448910176754,-7.308017134666443,-12.473321437835693,3.1765098571777344,8.628850817680359,4.4076422452926645,-13.117143869400024,14.2066308259964,-6.182293877005577,-16.305252492427822,-5.555871248245238,2.0822807550430302,6.231322646141052,3.200408935546875,-2.2944284677505493,-19.601830542087555,-13.603646099567412,10.480027079582213,-8.153848528862,13.47254990413785,-11.534365773200989,9.522675774991512,-28.1564199924469,-20.408437490463253,10.345872908830644,0.014572232961654663,24.991918683052067,19.864930123090748,33.000612139701836,6.685386002063751,-4.420832276344298,-7.069892115890981,22.37873774766922,-13.046351611614227,15.808381840586662,25.748945593833927,-3.2026114584878087,-3.244195342063904,-12.334611892700195,3.0030625760555267,-12.518146127462387,11.60426789149642,-14.814832776784895,-5.399643190205097,-11.416979759931564,2.3881157636642456,23.42285174131393,-12.277243316173553,-9.315821588039398,-14.87172657251358,16.343508839607242,5.570856928825378,-10.742982983589172,-12.215817242860794,20.039376378059387,20.356427937746048,-4.370569169521332,-20.083008468151096,-17.33342981338501,3.587777137756348,9.575513891875744,9.673084139823914,5.283066093921661,-17.224686861038208,21.325067803263664,13.565425455570221,-8.233291506767273,-17.54458224773407,4.071596473455428,-0.6741825416684151,21.92491435259581,-1.909877747297287,7.689596980810165,12.313100397586824,-3.6648273468017583,-9.326368451118471,27.04985618591309,-21.20679834485054,5.478742577135563,-8.157238095998764,23.33400571346283,-26.84698891639709,-7.801035344600677,2.793032646179199,-8.239939719438553,-23.817470252513885,-2.2075583636760707,23.523770824074745,-6.46748349070549,13.81663727760315,-7.533522844314575,20.051891773939133,17.229349672794342,11.946747988462448,1.795480489730835,-8.819695889949799,15.381069883704185,-3.718947052955627,-12.139057397842407,16.65037039667368,1.1208404898643494,3.9825340807437897,-16.013214990496635,17.18706929683685,-4.713911112397909,-20.37637996673584,-4.282380819320679,-2.1629697084426884,-0.4399970024824143,2.1348625719547267,-9.424519129097463,5.461151361465454,-5.148555874824523,-1.7651682794094086,-11.640194535255432,1.8428315818309784
8,0,1,1,31,39,8,8,1.0,16.0,0.0625,2,0,0.0,0.0,0.2499937501562461,0.2499937501562461,0.12499843751953099,0.12499843751953099,0,0,0,8.0,41,38,44,48,0.15625,-4.131641328334808,30.571587681770325,27.561513185501102,-48.11135854572058,8.071327447891235,-24.81674122810364,12.25216817855835,28.122441709041595,28.28916573524475,78.33647632598877,-19.374998807907104,-11.851261854171753,-20.47871935367584,-15.61840283870697,4.541624665260316,15.840763926506042,-23.30582129955292,-26.188498735427856,3.893091559410095,-0.6107056140899658,-9.172257989645004,14.691660165786743,-23.73555541038513,-18.213631033897396,-10.743524432182312,10.931071519851685,23.57397523522377,-4.887590944766998,8.765869379043579,-11.481809258461,-19.092470213770863,2.5536014810204506,4.7181397154927245,-7.58041188120842,11.27332353591919,23.139737159013748,6.705508053302765,-40.43000090122222,-16.891952216625217,-19.042390793561932,11.40214991569519,10.034738779067991,1.642064929008484,-38.64550220966339,25.070560097694397,-0.658557265996933,21.04984787106514,-29.444100320339203,-10.091234728693964,-19.6630237698555,66.5570330619812,5.699271321296692,14.9472736120224,44.52785909920931,-34.285430192947395,-17.432478781789538,42.020391762256615,13.790182113647461,-7.325239084661008,2.3077206909656525,40.887182831764214,-54.55018544197082,-21.845890522003174,22.836642742156982,-0.052185118198394775,-23.38789585232735,16.908436693251133,1.6183395385742188,12.861655592918394,6.316835403442383,10.159764744341373,45.72286757826805,26.595933966338634,4.9911652356386185,-7.156581431627274,-4.785878419876099,22.928481817245483,-26.15089774131775,-11.323914490640163,-2.41687285900116,-21.611503303050995,1.6713899075984957,-1.733243703842163,7.424942940473556,-7.806852221488953,-1.2062076926231384,-6.554399639368057,7.173654064536095,-9.4858416095376,24.050065517425537,-19.71297061443329,-4.742859125137329,-21.52431088685989,10.867686986923218,2.586461067199707,-1.695596665143967,-11.534365773200989,9.522675774991512,-28.1564199924469,-20.408437490463253,10.345872908830644,0.014572232961654663,24.991918683052067,19.864930123090748,33.000612139701836,6.685386002063751,-4.420832276344298,-7.069892115890981,22.37873774766922,-13.046351611614227,15.808381840586662,25.748945593833927,-3.2026114584878087,-3.244195342063904,-12.334611892700195,3.0030625760555267,-12.518146127462387,11.60426789149642,-14.814832776784895,-5.399643190205097,-11.416979759931564,2.3881157636642456,23.42285174131393,-12.277243316173553,-9.315821588039398,-14.87172657251358,16.343508839607242,5.570856928825378,-10.742982983589172,-12.215817242860794,20.039376378059387,20.356427937746048,-4.370569169521332,-20.083008468151096,-17.33342981338501,3.587777137756348,9.575513891875744,9.673084139823914,5.283066093921661,-17.224686861038208,21.325067803263664,13.565425455570221,-8.233291506767273,-17.54458224773407,4.071596473455428,-0.6741825416684151,21.92491435259581,-1.909877747297287,7.689596980810165,12.313100397586824,-3.6648273468017583,-9.326368451118471,27.04985618591309,-21.20679834485054,5.478742577135563,-8.157238095998764,23.33400571346283,-26.84698891639709,-7.801035344600677,2.793032646179199,-8.239939719438553,-23.817470252513885,-2.2075583636760707,23.523770824074745,-6.46748349070549,13.81663727760315,-7.533522844314575,20.051891773939133,17.229349672794342,11.946747988462448,1.795480489730835,-8.819695889949799,15.381069883704185,-3.718947052955627,-12.139057397842407,16.65037039667368,1.1208404898643494,3.9825340807437897,-16.013214990496635,17.18706929683685,-4.713911112397909,-20.37637996673584,-4.282380819320679,-2.1629697084426884,-0.4399970024824143,2.1348625719547267,-9.424519129097463,5.461151361465454,-5.148555874824523,-1.7651682794094086,-11.640194535255432,1.8428315818309784
9,0,1,1,60,39,9,8,1.0,17.0,0.05882352941176471,2,0,0.0,0.0,0.3333222225925802,0.2499937501562461,0.12499843751953099,0.11110987655692717,0,0,1,8.5,28,28,25,33,0.125,45.80851642414928,-14.742777109146118,-33.45815597567707,40.849313259124756,30.004601120948788,17.30658745765686,41.74846267700195,30.3415287733078,53.19251477718353,42.39538240432739,31.12328219413757,-10.467393457889557,43.350130319595344,-16.8893541097641,-5.628338098526001,13.956166207790375,9.539479017257689,8.40501880645752,-9.800351738929749,-42.54194214940071,-12.589759172871707,-3.875355660915375,-36.70992004871368,-47.7917058467865,7.729772463440895,-27.943150997161865,-1.146288812160492,-77.92534303665161,0.2827950716018677,-30.90679609775543,20.383788734674454,10.616134643554688,47.606783151626594,-42.36051940917969,20.932364940643307,-27.98264193534851,58.48847603797913,-26.85051250457764,-65.29295945167543,-25.918671011924747,45.172444462776184,15.93755030632019,-22.628159999847412,-66.12520521879196,16.472011119127277,25.038041146472093,-11.902858793735506,-1.8657851219177248,14.915393978357315,33.712490141391754,17.777165412902832,-28.48923915997148,0.001528620719909668,-34.46284067630768,-63.34526240825653,-5.889664761722088,21.89196401834488,19.578903198242188,6.8291507959365845,2.775885820388794,2.426864355802536,-27.80392748117447,-19.843583345413208,27.34979009628296,21.355208545923237,-3.824060797691345,11.839864253997805,-15.089751303195953,-41.14954609051347,27.298830777406693,-34.005111277103424,12.642466515302658,9.342358887195589,42.6218945980072,-14.641802940517664,-35.57729148864746,61.31182098388672,-9.580905079841614,-13.395967841148375,39.43743278086185,13.976871013641356,-54.22760035842657,-33.00931441783905,51.104315638542175,61.03248262405396,41.471736639738076,-14.895403861999512,-29.681196093559265,-19.30690598487854,-24.43274001032114,0.8925280570983887,-16.819257408380512,-0.8014853000640869,62.26504933834076,24.83418852090836,8.912714779376985,-11.534365773200989,9.522675774991512,-28.1564199924469,-20.408437490463253,10.345872908830644,0.014572232961654663,24.991918683052067,19.864930123090748,33.000612139701836,6.685386002063751,-4.420832276344298,-7.069892115890981,22.37873774766922,-13.046351611614227,15.808381840586662,25.748945593833927,-3.2026114584878087,-3.244195342063904,-12.334611892700195,3.0030625760555267,-12.518146127462387,11.60426789149642,-14.814832776784895,-5.399643190205097,-11.416979759931564,2.3881157636642456,23.42285174131393,-12.277243316173553,-9.315821588039398,-14.87172657251358,16.343508839607242,5.570856928825378,-10.742982983589172,-12.215817242860794,20.039376378059387,20.356427937746048,-4.370569169521332,-20.083008468151096,-17.33342981338501,3.587777137756348,9.575513891875744,9.673084139823914,5.283066093921661,-17.224686861038208,21.325067803263664,13.565425455570221,-8.233291506767273,-17.54458224773407,4.071596473455428,-0.6741825416684151,21.92491435259581,-1.909877747297287,7.689596980810165,12.313100397586824,-3.6648273468017583,-9.326368451118471,27.04985618591309,-21.20679834485054,5.478742577135563,-8.157238095998764,23.33400571346283,-26.84698891639709,-7.801035344600677,2.793032646179199,-8.239939719438553,-23.817470252513885,-2.2075583636760707,23.523770824074745,-6.46748349070549,13.81663727760315,-7.533522844314575,20.051891773939133,17.229349672794342,11.946747988462448,1.795480489730835,-8.819695889949799,15.381069883704185,-3.718947052955627,-12.139057397842407,16.65037039667368,1.1208404898643494,3.9825340807437897,-16.013214990496635,17.18706929683685,-4.713911112397909,-20.37637996673584,-4.282380819320679,-2.1629697084426884,-0.4399970024824143,2.1348625719547267,-9.424519129097463,5.461151361465454,-5.148555874824523,-1.7651682794094086,-11.640194535255432,1.8428315818309784
10,0,1,1,57,39,9,8,1.0,17.0,0.05882352941176471,2,0,0.0,0.0,0.4999750012499374,0.2499937501562461,0.12499843751953099,0.11110987655692717,0,0,1,8.5,30,30,21,28,0.1,4.8047813177108765,5.900008350610732,-38.69197577238083,24.875569254159927,33.667878821492195,-13.989422798156738,31.23671487718821,31.3337827026844,21.017298704013232,69.52789759635925,2.290053814649582,7.513025164604187,0.6017652153968811,-55.06852750480175,-25.45475077629089,15.271209180355072,-55.18205004930496,-22.202333331108093,-18.417117685079575,16.457961782813072,23.13902902603149,17.828239798545834,14.364786863327026,18.483740196563307,-8.374616146087646,-2.1007079537957907,8.938063204288483,3.4119093008339405,24.11817955970764,-20.48740303516388,35.791180282831185,13.781812652945518,2.320256233215332,-51.80679404735565,-7.123386740684509,-29.00895893573761,31.706590056419373,-50.395650565624244,-71.53517794609071,-13.370086897164585,35.197453737258904,-23.450219184160233,-40.9817361831665,-67.70157599449158,-17.18029934167862,6.105691313743591,7.217117786407472,-22.4586398601532,-41.51575517654419,31.40023523569107,33.93316251039505,-31.22091233730316,1.8450400829315183,-11.65472335740924,-60.90057015419006,50.18176944553852,46.13347911834717,5.02114462852478,33.426480054855354,35.07944308966398,78.96897885203363,-25.645424246788025,34.070778727531426,7.205333158373832,23.084861636161804,-46.347717106342316,1.0735852718353271,-37.186168074607856,-20.21533846855164,66.13862180709839,-15.494934260845186,-18.04408073425293,30.819440305233,-2.851825720630586,-18.035210967063907,12.977939009666445,79.95739650726318,-28.408690929412842,3.632455050945282,-1.0842169523239136,13.447716385126116,-7.234302520751952,-17.750606954097744,1.6596533060073853,-4.358662247657777,-39.11449956893921,-29.213604301214215,21.181869983673092,-0.5259239077568054,67.16377115249635,-5.3478713408112535,-39.866421431303024,-5.394923686981201,29.90600398182869,29.636980168521404,-2.867545261979103,-11.534365773200989,9.522675774991512,-28.1564199924469,-20.408437490463253,10.345872908830644,0.014572232961654663,24.991918683052067,19.864930123090748,33.000612139701836,6.685386002063751,-4.420832276344298,-7.069892115890981,22.37873774766922,-13.046351611614227,15.808381840586662,25.748945593833927,-3.2026114584878087,-3.244195342063904,-12.334611892700195,3.0030625760555267,-12.518146127462387,11.60426789149642,-14.814832776784895,-5.399643190205097,-11.416979759931564,2.3881157636642456,23.42285174131393,-12.277243316173553,-9.315821588039398,-14.87172657251358,16.343508839607242,5.570856928825378,-10.742982983589172,-12.215817242860794,20.039376378059387,20.356427937746048,-4.370569169521332,-20.083008468151096,-17.33342981338501,3.587777137756348,9.575513891875744,9.673084139823914,5.283066093921661,-17.224686861038208,21.325067803263664,13.565425455570221,-8.233291506767273,-17.54458224773407,4.071596473455428,-0.6741825416684151,21.92491435259581,-1.909877747297287,7.689596980810165,12.313100397586824,-3.6648273468017583,-9.326368451118471,27.04985618591309,-21.20679834485054,5.478742577135563,-8.157238095998764,23.33400571346283,-26.84698891639709,-7.801035344600677,2.793032646179199,-8.239939719438553,-23.817470252513885,-2.2075583636760707,23.523770824074745,-6.46748349070549,13.81663727760315,-7.533522844314575,20.051891773939133,17.229349672794342,11.946747988462448,1.795480489730835,-8.819695889949799,15.381069883704185,-3.718947052955627,-12.139057397842407,16.65037039667368,1.1208404898643494,3.9825340807437897,-16.013214990496635,17.18706929683685,-4.713911112397909,-20.37637996673584,-4.282380819320679,-2.1629697084426884,-0.4399970024824143,2.1348625719547267,-9.424519129097463,5.461151361465454,-5.148555874824523,-1.7651682794094086,-11.640194535255432,1.8428315818309784
11,0,1,1,43,39,9,8,1.0,17.0,0.05882352941176471,2,0,0.0,0.0,0.2499937501562461,0.1999960000799984,0.12499843751953099,0.11110987655692717,0,1,1,8.5,38,45,40,36,0.1,-28.86297011375427,28.808662056922913,-33.576831489801414,-11.683519063517453,-3.936826229095459,6.92979097366333,-6.805038154125214,8.627869255840777,58.23092223703861,58.51800918579102,-21.08545982837677,15.256026983261108,77.05729401111603,-14.804967880249025,5.310251057147981,18.974855899810787,-12.921124815940855,1.0834806561470032,19.205167323350906,-36.211602687835686,-0.003611534833908081,7.482533812522888,-31.752762913703922,-22.32212406396866,15.685456871986391,-23.7801415771246,-3.961510181427002,-71.56196331977843,-6.907833769917487,-2.3293849229812618,33.178475499153144,8.641402065753939,3.912122011184693,-22.91225278377533,25.885308027267453,5.6921231746673575,-6.389237463474274,-6.511973261833191,-32.17154264450073,1.7575732469558716,21.27372354269028,-2.4524723514914517,19.175687670707703,-66.15088927745819,12.546860307455065,44.52602195739746,20.610006868839267,-7.580583691596985,22.455913096666336,-29.28160746395588,27.56060802936554,-29.48275756835937,12.327213883399965,-31.79746699333191,-33.95240491628647,-37.63183462619781,51.262595534324646,10.835064083337784,17.90124195814133,-2.0004062056541443,35.72918903827667,-25.630352020263672,-4.080025255680084,19.35956585407257,-13.371841549873352,-10.843692932277918,40.808687530457966,51.44844460487366,-31.76117122173309,17.757539689540863,-6.9986958503723145,39.43045660853386,19.27792036533356,-3.276482511311769,6.803177714347839,-23.700830698013306,40.04948592185974,-20.29661783576012,-21.95591711997986,9.585875391960144,4.841438084840775,-4.2313045263290405,-17.649222493171692,24.595164656639103,-1.577298641204834,-15.466368675231935,-12.063284069299698,-2.3202728405594826,-22.71670526266098,-5.852890729904175,11.50208419561386,12.319084882736206,-21.236023664474487,6.497129678726196,-15.969484461471438,19.024243950843807,-11.534365773200989,9.522675774991512,-28.1564199924469,-20.408437490463253,10.345872908830644,0.014572232961654663,24.991918683052067,19.864930123090748,33.000612139701836,6.685386002063751,-4.420832276344298,-7.069892115890981,22.37873774766922,-13.046351611614227,15.808381840586662,25.748945593833927,-3.2026114584878087,-3.244195342063904,-12.334611892700195,3.0030625760555267,-12.518146127462387,11.60426789149642,-14.814832776784895,-5.399643190205097,-11.416979759931564,2.3881157636642456,23.42285174131393,-12.277243316173553,-9.315821588039398,-14.87172657251358,16.343508839607242,5.570856928825378,-10.742982983589172,-12.215817242860794,20.039376378059387,20.356427937746048,-4.370569169521332,-20.083008468151096,-17.33342981338501,3.587777137756348,9.575513891875744,9.673084139823914,5.283066093921661,-17.224686861038208,21.325067803263664,13.565425455570221,-8.233291506767273,-17.54458224773407,4.071596473455428,-0.6741825416684151,21.92491435259581,-1.909877747297287,7.689596980810165,12.313100397586824,-3.6648273468017583,-9.326368451118471,27.04985618591309,-21.20679834485054,5.478742577135563,-8.157238095998764,23.33400571346283,-26.84698891639709,-7.801035344600677,2.793032646179199,-8.239939719438553,-23.817470252513885,-2.2075583636760707,23.523770824074745,-6.46748349070549,13.81663727760315,-7.533522844314575,20.051891773939133,17.229349672794342,11.946747988462448,1.795480489730835,-8.819695889949799,15.381069883704185,-3.718947052955627,-12.139057397842407,16.65037039667368,1.1208404898643494,3.9825340807437897,-16.013214990496635,17.18706929683685,-4.713911112397909,-20.37637996673584,-4.282380819320679,-2.1629697084426884,-0.4399970024824143,2.1348625719547267,-9.424519129097463,5.461151361465454,-5.148555874824523,-1.7651682794094086,-11.640194535255432,1.8428315818309784
12,1,1,1,36,39,7,8,6.0,15.0,0.4,2,0,0.9999750006249843,0.9999750006249843,0.6666444451851604,0.4999875003124922,0.8571306124198226,0.7499906251171861,1,0,1,7.5,92,85,88,89,0.7567567567567568,-29.21201854944229,3.1944413930177684,-45.292027950286865,-16.76638538390398,9.468772768974304,-8.640311479568481,25.952894568443302,12.881803659722207,27.32784855365753,0.21865590661764145,-9.246118754148485,-7.2395061925053605,23.475828886032104,-13.975301142781973,25.153502702713013,18.531156592071053,6.21731935441494,21.067968994379047,6.091169364750385,3.850208282470703,-24.81564164161682,21.461599230766296,-8.750510960817339,-12.391394674777985,-20.256553947925564,-7.5642848908901215,13.758296743035315,-16.97654116153717,-7.964040175080299,-23.357885718345642,25.785743445158005,15.165330365300179,-20.40664744377136,-18.929786071181297,32.2600280046463,28.94475448131561,5.577002614736557,-22.62585270404816,-8.483311116695402,6.513834565877914,15.369050793349745,10.816164016723633,-4.096829831600189,-37.795257329940796,20.771438300609592,8.398474454879759,-7.402833938598633,-28.45255690813065,13.01914119720459,19.87797972559929,16.953551352024082,-5.670814156532288,7.24333593249321,-3.748803287744522,-2.039949059486389,-3.4068522453308105,11.845818251371384,-6.7028020173311225,6.552423894405365,-6.556505497545004,24.1721530854702,-19.865157604217533,-2.949743688106537,10.450264990329742,-1.731980562210083,-10.645404700189827,-6.90018829703331,18.211493238806728,-16.425155460834507,10.412320464849474,-9.997072860598564,15.857287645339966,20.36172298341989,12.54831963777542,-16.747733891010284,-2.8762012124061584,35.58465033769608,-4.299156963825226,-10.783354103565216,13.783974289894106,1.3348168134689329,-3.2972159385681152,-8.310587452724576,22.221220284700394,-15.08301354199648,-26.81738168001175,-5.733110308647156,6.5100820660591125,-9.423125624656675,7.254361152648926,-12.37946844100952,8.980821251869203,4.0032360553741455,-3.848267748951912,7.777337849140168,1.166053295135498,-11.534365773200989,9.522675774991512,-28.1564199924469,-20.408437490463253,10.345872908830644,0.014572232961654663,24.991918683052067,19.864930123090748,33.000612139701836,6.685386002063751,-4.420832276344298,-7.069892115890981,22.37873774766922,-13.046351611614227,15.808381840586662,25.748945593833927,-3.2026114584878087,-3.244195342063904,-12.334611892700195,3.0030625760555267,-12.518146127462387,11.60426789149642,-14.814832776784895,-5.399643190205097,-11.416979759931564,2.3881157636642456,23.42285174131393,-12.277243316173553,-9.315821588039398,-14.87172657251358,16.343508839607242,5.570856928825378,-10.742982983589172,-12.215817242860794,20.039376378059387,20.356427937746048,-4.370569169521332,-20.083008468151096,-17.33342981338501,3.587777137756348,9.575513891875744,9.673084139823914,5.283066093921661,-17.224686861038208,21.325067803263664,13.565425455570221,-8.233291506767273,-17.54458224773407,4.071596473455428,-0.6741825416684151,21.92491435259581,-1.909877747297287,7.689596980810165,12.313100397586824,-3.6648273468017583,-9.326368451118471,27.04985618591309,-21.20679834485054,5.478742577135563,-8.157238095998764,23.33400571346283,-26.84698891639709,-7.801035344600677,2.793032646179199,-8.239939719438553,-23.817470252513885,-2.2075583636760707,23.523770824074745,-6.46748349070549,13.81663727760315,-7.533522844314575,20.051891773939133,17.229349672794342,11.946747988462448,1.795480489730835,-8.819695889949799,15.381069883704185,-3.718947052955627,-12.139057397842407,16.65037039667368,1.1208404898643494,3.9825340807437897,-16.013214990496635,17.18706929683685,-4.713911112397909,-20.37637996673584,-4.282380819320679,-2.1629697084426884,-0.4399970024824143,2.1348625719547267,-9.424519129097463,5.461151361465454,-5.148555874824523,-1.7651682794094086,-11.640194535255432,1.8428315818309784
13,0,1,1,43,39,7,8,0.0,15.0,0.0,2,0,0.0,0.0,0.0,0.0,0.0,0.0,0,0,1,7.5,38,38,35,31,0.1,8.39828658849001,-4.1708216071128845,-15.59430330991745,15.812053203582765,10.694720201194288,-10.90875244140625,37.26318466663361,23.41118097305298,21.301258862018585,37.08910179138184,-28.959595322608948,-11.907217551022768,9.407335996627806,28.16896152496338,14.984877288341524,23.22923624515533,-28.913140416145325,4.079679489135741,-29.76407337188721,-20.80406259000301,27.46369652450085,12.329558253288267,-33.04008632898331,7.637448906898498,-29.54666638374329,1.1101356148719788,-26.65171056985855,-50.550721168518066,26.480645537376407,-4.2228493988513955,13.605844616889955,37.877484746277325,-12.552969813346865,6.607138395309447,-15.14641023427248,-37.3356717824936,26.35204743221402,-26.3784362077713,-27.53755497932434,-27.918701887130734,15.021030515432358,-4.94551157951355,-11.075635552406313,-36.35701256990433,21.311547815799717,3.559166669845581,-9.060929164290428,-8.895923614501953,-2.4990363568067546,-9.20470127463341,59.230652451515205,3.2461867332458496,-5.682731628417969,16.544448614120483,-38.15706205368042,-15.602373957633972,72.74908065795898,5.043324947357178,-19.547775268554688,-7.307322546839714,13.708647608757019,-57.66641426086426,-13.278597950935366,-4.506001681089401,14.261738300323485,-7.501295328140259,32.765705049037926,4.083925485610962,1.257643120363355,37.27124655246735,-17.16698670387268,-5.475073575973512,9.68566870689392,-6.327496886253357,-5.614498019218445,-29.76410001516342,42.14252388477325,19.11109611392021,-21.23024445772171,23.92033576965332,18.11448645591736,-38.83021306991577,21.38181221485138,18.549087703228,-0.7151113450527191,-37.70180559158325,-13.669346988201141,36.21579027175903,10.877999275922775,29.60719233751297,-24.05910024046898,-7.984178364276887,8.711190134286879,20.852745652198788,17.300111770629886,49.81703507900238,-11.534365773200989,9.522675774991512,-28.1564199924469,-20.408437490463253,10.345872908830644,0.014572232961654663,24.991918683052067,19.864930123090748,33.000612139701836,6.685386002063751,-4.420832276344298,-7.069892115890981,22.37873774766922,-13.046351611614227,15.808381840586662,25.748945593833927,-3.2026114584878087,-3.244195342063904,-12.334611892700195,3.0030625760555267,-12.518146127462387,11.60426789149642,-14.814832776784895,-5.399643190205097,-11.416979759931564,2.3881157636642456,23.42285174131393,-12.277243316173553,-9.315821588039398,-14.87172657251358,16.343508839607242,5.570856928825378,-10.742982983589172,-12.215817242860794,20.039376378059387,20.356427937746048,-4.370569169521332,-20.083008468151096,-17.33342981338501,3.587777137756348,9.575513891875744,9.673084139823914,5.283066093921661,-17.224686861038208,21.325067803263664,13.565425455570221,-8.233291506767273,-17.54458224773407,4.071596473455428,-0.6741825416684151,21.92491435259581,-1.909877747297287,7.689596980810165,12.313100397586824,-3.6648273468017583,-9.326368451118471,27.04985618591309,-21.20679834485054,5.478742577135563,-8.157238095998764,23.33400571346283,-26.84698891639709,-7.801035344600677,2.793032646179199,-8.239939719438553,-23.817470252513885,-2.2075583636760707,23.523770824074745,-6.46748349070549,13.81663727760315,-7.533522844314575,20.051891773939133,17.229349672794342,11.946747988462448,1.795480489730835,-8.819695889949799,15.381069883704185,-3.718947052955627,-12.139057397842407,16.65037039667368,1.1208404898643494,3.9825340807437897,-16.013214990496635,17.18706929683685,-4.713911112397909,-20.37637996673584,-4.282380819320679,-2.1629697084426884,-0.4399970024824143,2.1348625719547267,-9.424519129097463,5.461151361465454,-5.148555874824523,-1.7651682794094086,-11.640194535255432,1.8428315818309784
14,0,1,1,141,39,29,8,2.0,30.0,0.06666666666666668,2,0,0.0,0.0,0.4999875003124922,0.181816528940646,0.24999687503906198,0.06896527943007093,0,0,21,18.5,31,27,20,38,0.1,-5.463023371994495,54.26665194705129,-43.194359600543976,-19.898249655961987,80.57753693312407,129.84056820347905,11.522513374686241,32.19255205988884,150.21801245212558,210.31895595788959,-13.481409192085266,-22.97630337625742,9.076543867588043,-120.06810484826565,13.122742392122744,-20.390301924198862,-55.60168120265007,-13.472640685038641,42.89908316731453,0.09608048200607301,17.459695160388947,47.92541322112083,-3.2541882544755936,-37.968303352594376,-83.57548780180514,47.13210067152977,-56.16990252584219,-16.460161089897152,58.89842882752418,-82.1500781774521,107.85491256415844,13.892805218696596,-30.57672347873449,-83.15330380946399,21.42773884534836,-15.259481012821198,44.41188597679138,-30.95939972996712,-144.83494146168232,-23.41387045383453,123.48361197113992,-13.400380313396456,-6.022951304912567,-117.19484800100328,-4.1105220187455425,-47.23203946277499,-4.067551851272583,-34.332787338644266,-40.258008945733316,59.89642709493637,111.59726524166763,-114.65546411275864,16.862099319696426,64.05050824582578,-192.2793390601873,43.88589590787888,129.95414072275162,44.13682773709297,-20.14532142877579,-58.29826730489731,122.32351709902288,-82.03501975536345,55.46559154987335,71.72324782609941,-5.411972954869269,-62.015139549970634,88.08765065297483,-79.22876125574113,-11.582318931818008,39.75318244099617,-102.32802775502205,44.65563052892685,58.634556978940964,-38.147866696119316,-67.56395519524814,32.988787205234985,128.03261914849278,-124.45448011159895,-48.55625522136688,-9.019725888967514,-14.244191624224186,-26.33785328269005,-69.66553834080696,30.201252453494817,84.80696995835751,-23.95153568685055,-30.1160660982132,58.43600586056709,-3.904280602931976,78.21216756105423,-73.81211841106416,-75.4864733815193,15.546370200812815,68.3218641281128,62.35415530204773,23.458273753523827,-11.534365773200989,9.522675774991512,-28.1564199924469,-20.408437490463253,10.345872908830644,0.014572232961654663,24.991918683052067,19.864930123090748,33.000612139701836,6.685386002063751,-4.420832276344298,-7.069892115890981,22.37873774766922,-13.046351611614227,15.808381840586662,25.748945593833927,-3.2026114584878087,-3.244195342063904,-12.334611892700195,3.0030625760555267,-12.518146127462387,11.60426789149642,-14.814832776784895,-5.399643190205097,-11.416979759931564,2.3881157636642456,23.42285174131393,-12.277243316173553,-9.315821588039398,-14.87172657251358,16.343508839607242,5.570856928825378,-10.742982983589172,-12.215817242860794,20.039376378059387,20.356427937746048,-4.370569169521332,-20.083008468151096,-17.33342981338501,3.587777137756348,9.575513891875744,9.673084139823914,5.283066093921661,-17.224686861038208,21.325067803263664,13.565425455570221,-8.233291506767273,-17.54458224773407,4.071596473455428,-0.6741825416684151,21.92491435259581,-1.909877747297287,7.689596980810165,12.313100397586824,-3.6648273468017583,-9.326368451118471,27.04985618591309,-21.20679834485054,5.478742577135563,-8.157238095998764,23.33400571346283,-26.84698891639709,-7.801035344600677,2.793032646179199,-8.239939719438553,-23.817470252513885,-2.2075583636760707,23.523770824074745,-6.46748349070549,13.81663727760315,-7.533522844314575,20.051891773939133,17.229349672794342,11.946747988462448,1.795480489730835,-8.819695889949799,15.381069883704185,-3.718947052955627,-12.139057397842407,16.65037039667368,1.1208404898643494,3.9825340807437897,-16.013214990496635,17.18706929683685,-4.713911112397909,-20.37637996673584,-4.282380819320679,-2.1629697084426884,-0.4399970024824143,2.1348625719547267,-9.424519129097463,5.461151361465454,-5.148555874824523,-1.7651682794094086,-11.640194535255432,1.8428315818309784
15,0,1,1,37,39,7,8,1.0,15.0,0.06666666666666668,2,0,0.3333222225925802,0.2499937501562461,0.0,0.0,0.1666638889351844,0.12499843751953099,0,0,2,7.0,52,49,44,51,0.2368421052631579,-32.86160230636597,33.831418424844735,-14.917282581329346,-20.180931568145756,19.274902522563934,-3.0412204964086413,-0.6800698935985565,10.732616126537325,-4.487709730863571,41.1141541004181,-17.459675788879395,0.014501355588436128,-12.329339146614075,-14.346992671489716,23.12003397941589,16.708714365959167,16.678770661354065,12.546304732561113,9.26060676574707,-6.544709324836731,39.24201130867005,-18.35534238815308,0.310569167137146,1.3844343423843384,-56.69215536117554,-15.572510361671448,-7.392429113388061,-19.82223780453205,8.219725582748653,-6.2618414759635925,24.35237446427345,29.99719059467316,-22.81966114044189,-8.330162763595581,13.226998567581177,24.118940830230713,-4.339439392089844,-15.759922325611115,-18.734343826770786,22.897372364997864,18.207481622695926,30.27617560327053,2.988100618124008,-60.59348678588867,11.043559789657593,4.559902310371398,-6.534738436341286,-10.705792903900146,-27.84092279523611,-8.499949395656586,79.51050734519957,-0.02761471271514893,14.634475827217102,-4.947184085845947,-14.290807008743286,29.523366540670395,17.055087387561795,-6.086135596036911,19.088815689086914,-18.27040746808052,2.887668251991272,-4.817338466644287,25.624784231185913,7.048118233680725,-15.466649323701859,-33.4817476272583,5.007394790649414,8.554482936859129,5.5673643946647635,26.962254971265796,1.6117182970046997,-30.270305633544922,22.18146651983261,18.929880857467648,-16.049971580505368,-1.7291377186775208,6.478862017393112,-7.604381799697876,-8.577559351921082,-20.80375552177429,12.458571553230286,-11.25561735033989,-28.16416138410568,30.5440673828125,-6.409889280796051,-26.14861093461513,-15.657316446304321,17.942879676818848,-12.029019355773926,22.098140105605125,-14.709286361932756,3.10474094748497,4.405610322952271,0.776687741279602,36.32140517234802,-11.983273565769196,-11.534365773200989,9.522675774991512,-28.1564199924469,-20.408437490463253,10.345872908830644,0.014572232961654663,24.991918683052067,19.864930123090748,33.000612139701836,6.685386002063751,-4.420832276344298,-7.069892115890981,22.37873774766922,-13.046351611614227,15.808381840586662,25.748945593833927,-3.2026114584878087,-3.244195342063904,-12.334611892700195,3.0030625760555267,-12.518146127462387,11.60426789149642,-14.814832776784895,-5.399643190205097,-11.416979759931564,2.3881157636642456,23.42285174131393,-12.277243316173553,-9.315821588039398,-14.87172657251358,16.343508839607242,5.570856928825378,-10.742982983589172,-12.215817242860794,20.039376378059387,20.356427937746048,-4.370569169521332,-20.083008468151096,-17.33342981338501,3.587777137756348,9.575513891875744,9.673084139823914,5.283066093921661,-17.224686861038208,21.325067803263664,13.565425455570221,-8.233291506767273,-17.54458224773407,4.071596473455428,-0.6741825416684151,21.92491435259581,-1.909877747297287,7.689596980810165,12.313100397586824,-3.6648273468017583,-9.326368451118471,27.04985618591309,-21.20679834485054,5.478742577135563,-8.157238095998764,23.33400571346283,-26.84698891639709,-7.801035344600677,2.793032646179199,-8.239939719438553,-23.817470252513885,-2.2075583636760707,23.523770824074745,-6.46748349070549,13.81663727760315,-7.533522844314575,20.051891773939133,17.229349672794342,11.946747988462448,1.795480489730835,-8.819695889949799,15.381069883704185,-3.718947052955627,-12.139057397842407,16.65037039667368,1.1208404898643494,3.9825340807437897,-16.013214990496635,17.18706929683685,-4.713911112397909,-20.37637996673584,-4.282380819320679,-2.1629697084426884,-0.4399970024824143,2.1348625719547267,-9.424519129097463,5.461151361465454,-5.148555874824523,-1.7651682794094086,-11.640194535255432,1.8428315818309784
